sale_unique_id,item_nbr,item_vendor,item_department,store_nbr,sales_date,sequence_nbr,item_category,sales_qty
100101001-1,100101,501,27,111,2026-08-11,1,,19
100101002-2,100101,501,16,120,2026-08-12,2,,24
100101003-3,100101,501,14,113,2026-08-13,3,,92
100101004-4,100101,501,25,102,2026-08-14,4,,61
100101005-5,100101,501,20,101,2026-08-15,5,,78
100101006-6,100101,501,28,115,2026-08-16,6,,1
100101007-7,100101,501,26,101,2026-08-17,7,,55
100101008-8,100101,501,23,110,2026-08-18,8,,100
100101009-9,100101,501,28,117,2026-08-19,9,,84
100101010-10,100101,501,24,116,2026-08-20,10,,94
100101011-11,100101,501,21,120,2026-08-21,11,,67
100101012-12,100101,501,20,117,2026-08-22,12,,20
100101013-13,100101,501,26,116,2026-08-23,13,,28
100101014-14,100101,501,27,118,2026-08-24,14,,56
100101015-15,100101,501,26,102,2026-08-25,15,,87
100101016-16,100101,501,12,120,2026-08-26,16,,64
100101017-17,100101,501,20,103,2026-08-27,17,,43
100101018-18,100101,501,16,118,2026-08-28,18,,54
100101019-19,100101,501,28,112,2026-08-29,19,,38
100101020-20,100101,501,10,114,2026-08-30,20,,43
100101021-21,100101,501,29,118,2026-08-31,21,,73
100101022-22,100101,501,18,116,2026-09-01,22,,82
100101023-23,100101,501,23,117,2026-09-02,23,,70
100101024-24,100101,501,25,109,2026-09-03,24,,5
100101025-25,100101,501,27,110,2026-09-04,25,,5
100101026-26,100101,501,22,112,2026-09-05,26,,34
100101027-27,100101,501,16,118,2026-09-06,27,,85
100101028-28,100101,501,18,119,2026-09-07,28,,9
100101029-29,100101,501,29,107,2026-09-08,29,,14
100101030-30,100101,501,12,104,2026-09-09,30,,16
100102001-1,100102,501,26,103,2026-08-11,1,,3
100102002-2,100102,501,12,101,2026-08-12,2,,69
100102003-3,100102,501,27,105,2026-08-13,3,,35
100102004-4,100102,501,18,103,2026-08-14,4,,93
100102005-5,100102,501,13,118,2026-08-15,5,,8
100102006-6,100102,501,10,105,2026-08-16,6,,55
100102007-7,100102,501,11,107,2026-08-17,7,,11
100102008-8,100102,501,17,101,2026-08-18,8,,15
100102009-9,100102,501,24,110,2026-08-19,9,,27
100102010-10,100102,501,18,105,2026-08-20,10,,27
100102011-11,100102,501,12,114,2026-08-21,11,,38
100102012-12,100102,501,16,101,2026-08-22,12,,10
100102013-13,100102,501,17,104,2026-08-23,13,,96
100102014-14,100102,501,20,120,2026-08-24,14,,71
100102015-15,100102,501,27,117,2026-08-25,15,,62
100102016-16,100102,501,11,111,2026-08-26,16,,96
100102017-17,100102,501,28,108,2026-08-27,17,,16
100102018-18,100102,501,10,114,2026-08-28,18,,44
100102019-19,100102,501,19,107,2026-08-29,19,,94
100102020-20,100102,501,19,108,2026-08-30,20,,100
100102021-21,100102,501,28,120,2026-08-31,21,,29
100102022-22,100102,501,25,105,2026-09-01,22,,57
100102023-23,100102,501,17,104,2026-09-02,23,,25
100102024-24,100102,501,26,118,2026-09-03,24,,40
100102025-25,100102,501,15,103,2026-09-04,25,,24
100102026-26,100102,501,19,117,2026-09-05,26,,93
100102027-27,100102,501,26,102,2026-09-06,27,,63
100102028-28,100102,501,15,101,2026-09-07,28,,72
100102029-29,100102,501,25,102,2026-09-08,29,,27
100102030-30,100102,501,10,106,2026-09-09,30,,11
100103001-1,100103,501,10,109,2026-08-11,1,,30
100103002-2,100103,501,21,118,2026-08-12,2,,36
100103003-3,100103,501,17,111,2026-08-13,3,,73
100103004-4,100103,501,14,114,2026-08-14,4,,29
100103005-5,100103,501,14,117,2026-08-15,5,,14
100103006-6,100103,501,29,114,2026-08-16,6,,32
100103007-7,100103,501,10,107,2026-08-17,7,,85
100103008-8,100103,501,19,112,2026-08-18,8,,13
100103009-9,100103,501,10,111,2026-08-19,9,,52
100103010-10,100103,501,24,108,2026-08-20,10,,21
100103011-11,100103,501,29,116,2026-08-21,11,,59
100103012-12,100103,501,18,117,2026-08-22,12,,23
100103013-13,100103,501,28,113,2026-08-23,13,,41
100103014-14,100103,501,13,102,2026-08-24,14,,2
100103015-15,100103,501,22,109,2026-08-25,15,,47
100103016-16,100103,501,26,103,2026-08-26,16,,86
100103017-17,100103,501,17,120,2026-08-27,17,,30
100103018-18,100103,501,16,114,2026-08-28,18,,67
100103019-19,100103,501,10,106,2026-08-29,19,,49
100103020-20,100103,501,23,117,2026-08-30,20,,19
100103021-21,100103,501,11,112,2026-08-31,21,,4
100103022-22,100103,501,19,108,2026-09-01,22,,11
100103023-23,100103,501,14,102,2026-09-02,23,,64
100103024-24,100103,501,17,101,2026-09-03,24,,79
100103025-25,100103,501,18,119,2026-09-04,25,,22
100103026-26,100103,501,17,120,2026-09-05,26,,90
100103027-27,100103,501,16,103,2026-09-06,27,,84
100103028-28,100103,501,22,104,2026-09-07,28,,31
100103029-29,100103,501,27,119,2026-09-08,29,,62
100103030-30,100103,501,18,111,2026-09-09,30,,58
100104001-1,100104,501,15,115,2026-08-11,1,,96
100104002-2,100104,501,24,108,2026-08-12,2,,13
100104003-3,100104,501,16,118,2026-08-13,3,,76
100104004-4,100104,501,25,110,2026-08-14,4,,47
100104005-5,100104,501,27,102,2026-08-15,5,,84
100104006-6,100104,501,12,112,2026-08-16,6,,60
100104007-7,100104,501,20,119,2026-08-17,7,,37
100104008-8,100104,501,21,101,2026-08-18,8,,93
100104009-9,100104,501,29,113,2026-08-19,9,,86
100104010-10,100104,501,25,118,2026-08-20,10,,30
100104011-11,100104,501,18,119,2026-08-21,11,,28
100104012-12,100104,501,16,108,2026-08-22,12,,4
100104013-13,100104,501,13,102,2026-08-23,13,,1
100104014-14,100104,501,15,108,2026-08-24,14,,28
100104015-15,100104,501,12,115,2026-08-25,15,,38
100104016-16,100104,501,28,115,2026-08-26,16,,50
100104017-17,100104,501,17,105,2026-08-27,17,,59
100104018-18,100104,501,28,108,2026-08-28,18,,52
100104019-19,100104,501,25,119,2026-08-29,19,,77
100104020-20,100104,501,27,111,2026-08-30,20,,43
100104021-21,100104,501,11,109,2026-08-31,21,,58
100104022-22,100104,501,15,109,2026-09-01,22,,64
100104023-23,100104,501,17,113,2026-09-02,23,,46
100104024-24,100104,501,27,107,2026-09-03,24,,67
100104025-25,100104,501,10,110,2026-09-04,25,,5
100104026-26,100104,501,19,103,2026-09-05,26,,97
100104027-27,100104,501,18,109,2026-09-06,27,,67
100104028-28,100104,501,14,112,2026-09-07,28,,48
100104029-29,100104,501,15,120,2026-09-08,29,,39
100104030-30,100104,501,26,105,2026-09-09,30,,77
100105001-1,100105,501,13,101,2026-08-11,1,,68
100105002-2,100105,501,16,117,2026-08-12,2,,58
100105003-3,100105,501,24,117,2026-08-13,3,,79
100105004-4,100105,501,10,105,2026-08-14,4,,96
100105005-5,100105,501,13,104,2026-08-15,5,,4
100105006-6,100105,501,25,114,2026-08-16,6,,81
100105007-7,100105,501,27,108,2026-08-17,7,,37
100105008-8,100105,501,29,115,2026-08-18,8,,42
100105009-9,100105,501,10,106,2026-08-19,9,,19
100105010-10,100105,501,15,114,2026-08-20,10,,55
100105011-11,100105,501,18,107,2026-08-21,11,,27
100105012-12,100105,501,11,117,2026-08-22,12,,73
100105013-13,100105,501,25,112,2026-08-23,13,,64
100105014-14,100105,501,20,103,2026-08-24,14,,59
100105015-15,100105,501,17,101,2026-08-25,15,,80
100105016-16,100105,501,20,110,2026-08-26,16,,75
100105017-17,100105,501,22,101,2026-08-27,17,,78
100105018-18,100105,501,19,103,2026-08-28,18,,2
100105019-19,100105,501,24,108,2026-08-29,19,,22
100105020-20,100105,501,23,101,2026-08-30,20,,26
100105021-21,100105,501,19,110,2026-08-31,21,,34
100105022-22,100105,501,19,109,2026-09-01,22,,55
100105023-23,100105,501,26,118,2026-09-02,23,,26
100105024-24,100105,501,20,120,2026-09-03,24,,30
100105025-25,100105,501,25,115,2026-09-04,25,,91
100105026-26,100105,501,18,117,2026-09-05,26,,68
100105027-27,100105,501,22,114,2026-09-06,27,,43
100105028-28,100105,501,16,107,2026-09-07,28,,26
100105029-29,100105,501,12,115,2026-09-08,29,,5
100105030-30,100105,501,10,107,2026-09-09,30,,99
100106001-1,100106,501,24,118,2026-08-11,1,,42
100106002-2,100106,501,16,117,2026-08-12,2,,7
100106003-3,100106,501,27,118,2026-08-13,3,,28
100106004-4,100106,501,12,101,2026-08-14,4,,85
100106005-5,100106,501,24,119,2026-08-15,5,,36
100106006-6,100106,501,19,111,2026-08-16,6,,86
100106007-7,100106,501,11,114,2026-08-17,7,,3
100106008-8,100106,501,27,115,2026-08-18,8,,28
100106009-9,100106,501,14,117,2026-08-19,9,,44
100106010-10,100106,501,24,111,2026-08-20,10,,64
100106011-11,100106,501,27,119,2026-08-21,11,,35
100106012-12,100106,501,29,106,2026-08-22,12,,58
100106013-13,100106,501,27,109,2026-08-23,13,,11
100106014-14,100106,501,11,110,2026-08-24,14,,39
100106015-15,100106,501,28,105,2026-08-25,15,,75
100106016-16,100106,501,17,115,2026-08-26,16,,50
100106017-17,100106,501,13,101,2026-08-27,17,,58
100106018-18,100106,501,24,119,2026-08-28,18,,50
100106019-19,100106,501,10,108,2026-08-29,19,,19
100106020-20,100106,501,14,110,2026-08-30,20,,84
100106021-21,100106,501,16,117,2026-08-31,21,,76
100106022-22,100106,501,15,109,2026-09-01,22,,74
100106023-23,100106,501,18,106,2026-09-02,23,,13
100106024-24,100106,501,15,119,2026-09-03,24,,73
100106025-25,100106,501,27,115,2026-09-04,25,,50
100106026-26,100106,501,15,112,2026-09-05,26,,99
100106027-27,100106,501,25,113,2026-09-06,27,,62
100106028-28,100106,501,23,115,2026-09-07,28,,47
100106029-29,100106,501,25,101,2026-09-08,29,,27
100106030-30,100106,501,20,109,2026-09-09,30,,92
100107001-1,100107,501,14,101,2026-08-11,1,,81
100107002-2,100107,501,18,116,2026-08-12,2,,96
100107003-3,100107,501,16,111,2026-08-13,3,,98
100107004-4,100107,501,21,114,2026-08-14,4,,23
100107005-5,100107,501,17,110,2026-08-15,5,,14
100107006-6,100107,501,28,107,2026-08-16,6,,1
100107007-7,100107,501,27,105,2026-08-17,7,,100
100107008-8,100107,501,25,117,2026-08-18,8,,25
100107009-9,100107,501,13,116,2026-08-19,9,,73
100107010-10,100107,501,23,101,2026-08-20,10,,10
100107011-11,100107,501,18,101,2026-08-21,11,,3
100107012-12,100107,501,11,103,2026-08-22,12,,51
100107013-13,100107,501,28,120,2026-08-23,13,,42
100107014-14,100107,501,29,105,2026-08-24,14,,15
100107015-15,100107,501,22,105,2026-08-25,15,,43
100107016-16,100107,501,21,117,2026-08-26,16,,29
100107017-17,100107,501,15,102,2026-08-27,17,,36
100107018-18,100107,501,26,112,2026-08-28,18,,19
100107019-19,100107,501,16,112,2026-08-29,19,,100
100107020-20,100107,501,18,101,2026-08-30,20,,75
100107021-21,100107,501,20,104,2026-08-31,21,,50
100107022-22,100107,501,28,117,2026-09-01,22,,45
100107023-23,100107,501,10,108,2026-09-02,23,,5
100107024-24,100107,501,15,116,2026-09-03,24,,21
100107025-25,100107,501,23,106,2026-09-04,25,,42
100107026-26,100107,501,28,116,2026-09-05,26,,94
100107027-27,100107,501,22,115,2026-09-06,27,,53
100107028-28,100107,501,22,108,2026-09-07,28,,96
100107029-29,100107,501,12,106,2026-09-08,29,,80
100107030-30,100107,501,24,102,2026-09-09,30,,57
100108001-1,100108,501,16,106,2026-08-11,1,,91
100108002-2,100108,501,14,101,2026-08-12,2,,80
100108003-3,100108,501,28,102,2026-08-13,3,,97
100108004-4,100108,501,18,117,2026-08-14,4,,68
100108005-5,100108,501,21,104,2026-08-15,5,,65
100108006-6,100108,501,29,119,2026-08-16,6,,19
100108007-7,100108,501,19,116,2026-08-17,7,,48
100108008-8,100108,501,26,108,2026-08-18,8,,29
100108009-9,100108,501,28,118,2026-08-19,9,,9
100108010-10,100108,501,24,103,2026-08-20,10,,51
100108011-11,100108,501,27,103,2026-08-21,11,,91
100108012-12,100108,501,25,101,2026-08-22,12,,34
100108013-13,100108,501,16,120,2026-08-23,13,,81
100108014-14,100108,501,27,111,2026-08-24,14,,26
100108015-15,100108,501,17,119,2026-08-25,15,,12
100108016-16,100108,501,20,111,2026-08-26,16,,82
100108017-17,100108,501,26,120,2026-08-27,17,,39
100108018-18,100108,501,28,108,2026-08-28,18,,35
100108019-19,100108,501,25,115,2026-08-29,19,,33
100108020-20,100108,501,28,114,2026-08-30,20,,61
100108021-21,100108,501,16,109,2026-08-31,21,,25
100108022-22,100108,501,20,117,2026-09-01,22,,45
100108023-23,100108,501,25,116,2026-09-02,23,,35
100108024-24,100108,501,29,104,2026-09-03,24,,23
100108025-25,100108,501,10,118,2026-09-04,25,,2
100108026-26,100108,501,28,110,2026-09-05,26,,64
100108027-27,100108,501,23,111,2026-09-06,27,,86
100108028-28,100108,501,18,104,2026-09-07,28,,31
100108029-29,100108,501,15,109,2026-09-08,29,,78
100108030-30,100108,501,10,104,2026-09-09,30,,55
100109001-1,100109,501,28,116,2026-08-11,1,,14
100109002-2,100109,501,10,119,2026-08-12,2,,87
100109003-3,100109,501,19,113,2026-08-13,3,,56
100109004-4,100109,501,22,103,2026-08-14,4,,93
100109005-5,100109,501,24,118,2026-08-15,5,,85
100109006-6,100109,501,17,108,2026-08-16,6,,68
100109007-7,100109,501,14,113,2026-08-17,7,,100
100109008-8,100109,501,20,109,2026-08-18,8,,20
100109009-9,100109,501,24,114,2026-08-19,9,,1
100109010-10,100109,501,26,119,2026-08-20,10,,38
100109011-11,100109,501,23,118,2026-08-21,11,,30
100109012-12,100109,501,28,119,2026-08-22,12,,37
100109013-13,100109,501,26,114,2026-08-23,13,,36
100109014-14,100109,501,21,118,2026-08-24,14,,3
100109015-15,100109,501,14,106,2026-08-25,15,,37
100109016-16,100109,501,10,104,2026-08-26,16,,8
100109017-17,100109,501,12,101,2026-08-27,17,,81
100109018-18,100109,501,27,111,2026-08-28,18,,91
100109019-19,100109,501,27,116,2026-08-29,19,,64
100109020-20,100109,501,14,113,2026-08-30,20,,77
100109021-21,100109,501,21,119,2026-08-31,21,,97
100109022-22,100109,501,25,110,2026-09-01,22,,80
100109023-23,100109,501,16,117,2026-09-02,23,,49
100109024-24,100109,501,27,116,2026-09-03,24,,60
100109025-25,100109,501,22,117,2026-09-04,25,,27
100109026-26,100109,501,10,120,2026-09-05,26,,45
100109027-27,100109,501,17,110,2026-09-06,27,,42
100109028-28,100109,501,21,111,2026-09-07,28,,66
100109029-29,100109,501,22,104,2026-09-08,29,,58
100109030-30,100109,501,28,101,2026-09-09,30,,99
100110001-1,100110,501,12,101,2026-08-11,1,,40
100110002-2,100110,501,18,110,2026-08-12,2,,17
100110003-3,100110,501,11,116,2026-08-13,3,,99
100110004-4,100110,501,19,106,2026-08-14,4,,52
100110005-5,100110,501,20,114,2026-08-15,5,,22
100110006-6,100110,501,11,109,2026-08-16,6,,2
100110007-7,100110,501,12,112,2026-08-17,7,,13
100110008-8,100110,501,11,107,2026-08-18,8,,59
100110009-9,100110,501,17,114,2026-08-19,9,,56
100110010-10,100110,501,16,120,2026-08-20,10,,79
100110011-11,100110,501,23,113,2026-08-21,11,,93
100110012-12,100110,501,17,104,2026-08-22,12,,57
100110013-13,100110,501,25,108,2026-08-23,13,,96
100110014-14,100110,501,21,118,2026-08-24,14,,8
100110015-15,100110,501,11,120,2026-08-25,15,,9
100110016-16,100110,501,13,112,2026-08-26,16,,85
100110017-17,100110,501,16,108,2026-08-27,17,,2
100110018-18,100110,501,11,118,2026-08-28,18,,38
100110019-19,100110,501,22,107,2026-08-29,19,,62
100110020-20,100110,501,26,117,2026-08-30,20,,88
100110021-21,100110,501,27,118,2026-08-31,21,,16
100110022-22,100110,501,21,108,2026-09-01,22,,68
100110023-23,100110,501,29,106,2026-09-02,23,,46
100110024-24,100110,501,15,106,2026-09-03,24,,38
100110025-25,100110,501,11,112,2026-09-04,25,,43
100110026-26,100110,501,22,114,2026-09-05,26,,19
100110027-27,100110,501,19,108,2026-09-06,27,,82
100110028-28,100110,501,23,114,2026-09-07,28,,15
100110029-29,100110,501,11,118,2026-09-08,29,,11
100110030-30,100110,501,10,116,2026-09-09,30,,57
100301001-1,100301,503,13,104,2026-08-11,1,,100
100301002-2,100301,503,13,108,2026-08-12,2,,33
100301003-3,100301,503,22,108,2026-08-13,3,,48
100301004-4,100301,503,12,102,2026-08-14,4,,95
100301005-5,100301,503,22,110,2026-08-15,5,,77
100301006-6,100301,503,27,120,2026-08-16,6,,94
100301007-7,100301,503,13,111,2026-08-17,7,,44
100301008-8,100301,503,16,110,2026-08-18,8,,62
100301009-9,100301,503,13,106,2026-08-19,9,,40
100301010-10,100301,503,12,115,2026-08-20,10,,6
100301011-11,100301,503,29,113,2026-08-21,11,,16
100301012-12,100301,503,19,101,2026-08-22,12,,65
100301013-13,100301,503,22,112,2026-08-23,13,,51
100301014-14,100301,503,17,109,2026-08-24,14,,93
100301015-15,100301,503,10,106,2026-08-25,15,,98
100301016-16,100301,503,23,102,2026-08-26,16,,49
100301017-17,100301,503,15,120,2026-08-27,17,,53
100301018-18,100301,503,11,110,2026-08-28,18,,6
100301019-19,100301,503,24,117,2026-08-29,19,,89
100301020-20,100301,503,11,108,2026-08-30,20,,15
100301021-21,100301,503,13,107,2026-08-31,21,,48
100301022-22,100301,503,15,111,2026-09-01,22,,96
100301023-23,100301,503,19,111,2026-09-02,23,,74
100301024-24,100301,503,24,110,2026-09-03,24,,88
100301025-25,100301,503,24,110,2026-09-04,25,,31
100301026-26,100301,503,19,106,2026-09-05,26,,57
100301027-27,100301,503,20,119,2026-09-06,27,,3
100301028-28,100301,503,29,113,2026-09-07,28,,71
100301029-29,100301,503,10,120,2026-09-08,29,,10
100301030-30,100301,503,20,112,2026-09-09,30,,75
100302001-1,100302,503,26,114,2026-08-11,1,,71
100302002-2,100302,503,18,115,2026-08-12,2,,85
100302003-3,100302,503,23,101,2026-08-13,3,,58
100302004-4,100302,503,12,102,2026-08-14,4,,21
100302005-5,100302,503,12,119,2026-08-15,5,,100
100302006-6,100302,503,23,107,2026-08-16,6,,92
100302007-7,100302,503,12,105,2026-08-17,7,,62
100302008-8,100302,503,11,101,2026-08-18,8,,47
100302009-9,100302,503,19,101,2026-08-19,9,,34
100302010-10,100302,503,14,118,2026-08-20,10,,50
100302011-11,100302,503,15,103,2026-08-21,11,,71
100302012-12,100302,503,12,106,2026-08-22,12,,65
100302013-13,100302,503,25,118,2026-08-23,13,,83
100302014-14,100302,503,14,117,2026-08-24,14,,67
100302015-15,100302,503,17,112,2026-08-25,15,,79
100302016-16,100302,503,21,114,2026-08-26,16,,40
100302017-17,100302,503,10,107,2026-08-27,17,,32
100302018-18,100302,503,24,101,2026-08-28,18,,29
100302019-19,100302,503,12,101,2026-08-29,19,,5
100302020-20,100302,503,22,120,2026-08-30,20,,19
100302021-21,100302,503,15,119,2026-08-31,21,,69
100302022-22,100302,503,15,103,2026-09-01,22,,54
100302023-23,100302,503,13,120,2026-09-02,23,,25
100302024-24,100302,503,19,111,2026-09-03,24,,17
100302025-25,100302,503,11,111,2026-09-04,25,,13
100302026-26,100302,503,17,103,2026-09-05,26,,43
100302027-27,100302,503,28,115,2026-09-06,27,,71
100302028-28,100302,503,15,105,2026-09-07,28,,13
100302029-29,100302,503,20,110,2026-09-08,29,,55
100302030-30,100302,503,25,118,2026-09-09,30,,34
100303001-1,100303,503,13,116,2026-08-11,1,,81
100303002-2,100303,503,10,116,2026-08-12,2,,1
100303003-3,100303,503,23,104,2026-08-13,3,,96
100303004-4,100303,503,14,112,2026-08-14,4,,13
100303005-5,100303,503,24,119,2026-08-15,5,,98
100303006-6,100303,503,10,115,2026-08-16,6,,53
100303007-7,100303,503,12,116,2026-08-17,7,,91
100303008-8,100303,503,28,116,2026-08-18,8,,66
100303009-9,100303,503,17,118,2026-08-19,9,,3
100303010-10,100303,503,17,107,2026-08-20,10,,21
100303011-11,100303,503,15,116,2026-08-21,11,,89
100303012-12,100303,503,19,110,2026-08-22,12,,9
100303013-13,100303,503,13,109,2026-08-23,13,,21
100303014-14,100303,503,24,116,2026-08-24,14,,24
100303015-15,100303,503,26,104,2026-08-25,15,,2
100303016-16,100303,503,17,117,2026-08-26,16,,26
100303017-17,100303,503,24,112,2026-08-27,17,,72
100303018-18,100303,503,22,108,2026-08-28,18,,18
100303019-19,100303,503,20,109,2026-08-29,19,,53
100303020-20,100303,503,23,119,2026-08-30,20,,17
100303021-21,100303,503,10,109,2026-08-31,21,,17
100303022-22,100303,503,14,111,2026-09-01,22,,91
100303023-23,100303,503,17,102,2026-09-02,23,,6
100303024-24,100303,503,27,101,2026-09-03,24,,72
100303025-25,100303,503,25,120,2026-09-04,25,,4
100303026-26,100303,503,26,110,2026-09-05,26,,14
100303027-27,100303,503,20,102,2026-09-06,27,,92
100303028-28,100303,503,24,118,2026-09-07,28,,79
100303029-29,100303,503,10,111,2026-09-08,29,,42
100303030-30,100303,503,22,120,2026-09-09,30,,83
100304001-1,100304,503,28,102,2026-08-11,1,,30
100304002-2,100304,503,19,110,2026-08-12,2,,61
100304003-3,100304,503,25,108,2026-08-13,3,,42
100304004-4,100304,503,15,119,2026-08-14,4,,73
100304005-5,100304,503,21,109,2026-08-15,5,,87
100304006-6,100304,503,20,118,2026-08-16,6,,54
100304007-7,100304,503,25,115,2026-08-17,7,,42
100304008-8,100304,503,12,116,2026-08-18,8,,36
100304009-9,100304,503,25,117,2026-08-19,9,,31
100304010-10,100304,503,25,104,2026-08-20,10,,61
100304011-11,100304,503,10,112,2026-08-21,11,,56
100304012-12,100304,503,17,111,2026-08-22,12,,58
100304013-13,100304,503,23,104,2026-08-23,13,,87
100304014-14,100304,503,29,116,2026-08-24,14,,68
100304015-15,100304,503,24,112,2026-08-25,15,,49
100304016-16,100304,503,24,115,2026-08-26,16,,69
100304017-17,100304,503,14,110,2026-08-27,17,,28
100304018-18,100304,503,23,119,2026-08-28,18,,22
100304019-19,100304,503,29,102,2026-08-29,19,,8
100304020-20,100304,503,26,106,2026-08-30,20,,62
100304021-21,100304,503,22,108,2026-08-31,21,,89
100304022-22,100304,503,18,107,2026-09-01,22,,77
100304023-23,100304,503,17,102,2026-09-02,23,,1
100304024-24,100304,503,16,106,2026-09-03,24,,19
100304025-25,100304,503,22,113,2026-09-04,25,,43
100304026-26,100304,503,21,106,2026-09-05,26,,30
100304027-27,100304,503,16,103,2026-09-06,27,,25
100304028-28,100304,503,10,106,2026-09-07,28,,66
100304029-29,100304,503,27,116,2026-09-08,29,,61
100304030-30,100304,503,12,101,2026-09-09,30,,58
100305001-1,100305,503,29,119,2026-08-11,1,,81
100305002-2,100305,503,24,113,2026-08-12,2,,53
100305003-3,100305,503,15,101,2026-08-13,3,,73
100305004-4,100305,503,25,106,2026-08-14,4,,32
100305005-5,100305,503,15,117,2026-08-15,5,,21
100305006-6,100305,503,20,111,2026-08-16,6,,4
100305007-7,100305,503,16,119,2026-08-17,7,,73
100305008-8,100305,503,20,105,2026-08-18,8,,73
100305009-9,100305,503,24,105,2026-08-19,9,,20
100305010-10,100305,503,15,103,2026-08-20,10,,15
100305011-11,100305,503,29,113,2026-08-21,11,,94
100305012-12,100305,503,27,113,2026-08-22,12,,15
100305013-13,100305,503,19,102,2026-08-23,13,,88
100305014-14,100305,503,21,101,2026-08-24,14,,45
100305015-15,100305,503,26,102,2026-08-25,15,,100
100305016-16,100305,503,11,104,2026-08-26,16,,33
100305017-17,100305,503,23,114,2026-08-27,17,,2
100305018-18,100305,503,13,111,2026-08-28,18,,66
100305019-19,100305,503,12,102,2026-08-29,19,,10
100305020-20,100305,503,28,101,2026-08-30,20,,38
100305021-21,100305,503,14,102,2026-08-31,21,,56
100305022-22,100305,503,19,104,2026-09-01,22,,55
100305023-23,100305,503,23,115,2026-09-02,23,,87
100305024-24,100305,503,18,105,2026-09-03,24,,17
100305025-25,100305,503,20,120,2026-09-04,25,,15
100305026-26,100305,503,25,115,2026-09-05,26,,45
100305027-27,100305,503,25,120,2026-09-06,27,,94
100305028-28,100305,503,29,112,2026-09-07,28,,24
100305029-29,100305,503,23,116,2026-09-08,29,,19
100305030-30,100305,503,26,106,2026-09-09,30,,6
100306001-1,100306,503,28,113,2026-08-11,1,,65
100306002-2,100306,503,19,111,2026-08-12,2,,64
100306003-3,100306,503,26,117,2026-08-13,3,,56
100306004-4,100306,503,28,102,2026-08-14,4,,92
100306005-5,100306,503,14,105,2026-08-15,5,,92
100306006-6,100306,503,21,110,2026-08-16,6,,67
100306007-7,100306,503,14,116,2026-08-17,7,,57
100306008-8,100306,503,28,108,2026-08-18,8,,66
100306009-9,100306,503,11,116,2026-08-19,9,,7
100306010-10,100306,503,26,114,2026-08-20,10,,68
100306011-11,100306,503,19,109,2026-08-21,11,,61
100306012-12,100306,503,15,112,2026-08-22,12,,58
100306013-13,100306,503,22,112,2026-08-23,13,,41
100306014-14,100306,503,11,115,2026-08-24,14,,59
100306015-15,100306,503,24,111,2026-08-25,15,,12
100306016-16,100306,503,29,109,2026-08-26,16,,74
100306017-17,100306,503,15,103,2026-08-27,17,,35
100306018-18,100306,503,24,112,2026-08-28,18,,26
100306019-19,100306,503,21,115,2026-08-29,19,,29
100306020-20,100306,503,10,102,2026-08-30,20,,36
100306021-21,100306,503,29,104,2026-08-31,21,,3
100306022-22,100306,503,21,110,2026-09-01,22,,78
100306023-23,100306,503,26,117,2026-09-02,23,,58
100306024-24,100306,503,11,113,2026-09-03,24,,28
100306025-25,100306,503,11,107,2026-09-04,25,,87
100306026-26,100306,503,18,104,2026-09-05,26,,87
100306027-27,100306,503,17,107,2026-09-06,27,,84
100306028-28,100306,503,23,109,2026-09-07,28,,28
100306029-29,100306,503,11,120,2026-09-08,29,,78
100306030-30,100306,503,26,113,2026-09-09,30,,9
100307001-1,100307,503,13,107,2026-08-11,1,,9
100307002-2,100307,503,20,104,2026-08-12,2,,8
100307003-3,100307,503,27,115,2026-08-13,3,,36
100307004-4,100307,503,14,114,2026-08-14,4,,74
100307005-5,100307,503,18,111,2026-08-15,5,,41
100307006-6,100307,503,13,107,2026-08-16,6,,30
100307007-7,100307,503,29,104,2026-08-17,7,,65
100307008-8,100307,503,22,110,2026-08-18,8,,9
100307009-9,100307,503,16,109,2026-08-19,9,,43
100307010-10,100307,503,20,108,2026-08-20,10,,10
100307011-11,100307,503,18,112,2026-08-21,11,,94
100307012-12,100307,503,23,114,2026-08-22,12,,83
100307013-13,100307,503,19,105,2026-08-23,13,,71
100307014-14,100307,503,19,119,2026-08-24,14,,8
100307015-15,100307,503,12,106,2026-08-25,15,,84
100307016-16,100307,503,16,114,2026-08-26,16,,40
100307017-17,100307,503,20,116,2026-08-27,17,,2
100307018-18,100307,503,15,104,2026-08-28,18,,9
100307019-19,100307,503,11,117,2026-08-29,19,,24
100307020-20,100307,503,10,101,2026-08-30,20,,72
100307021-21,100307,503,23,105,2026-08-31,21,,89
100307022-22,100307,503,19,118,2026-09-01,22,,55
100307023-23,100307,503,20,111,2026-09-02,23,,54
100307024-24,100307,503,25,101,2026-09-03,24,,9
100307025-25,100307,503,27,120,2026-09-04,25,,70
100307026-26,100307,503,23,107,2026-09-05,26,,25
100307027-27,100307,503,12,116,2026-09-06,27,,62
100307028-28,100307,503,21,114,2026-09-07,28,,56
100307029-29,100307,503,27,119,2026-09-08,29,,88
100307030-30,100307,503,16,108,2026-09-09,30,,38
100308001-1,100308,503,28,113,2026-08-11,1,,78
100308002-2,100308,503,16,116,2026-08-12,2,,37
100308003-3,100308,503,10,119,2026-08-13,3,,1
100308004-4,100308,503,12,102,2026-08-14,4,,77
100308005-5,100308,503,21,105,2026-08-15,5,,75
100308006-6,100308,503,10,114,2026-08-16,6,,23
100308007-7,100308,503,18,117,2026-08-17,7,,2
100308008-8,100308,503,23,103,2026-08-18,8,,77
100308009-9,100308,503,29,101,2026-08-19,9,,54
100308010-10,100308,503,17,117,2026-08-20,10,,26
100308011-11,100308,503,12,119,2026-08-21,11,,37
100308012-12,100308,503,10,110,2026-08-22,12,,12
100308013-13,100308,503,14,118,2026-08-23,13,,92
100308014-14,100308,503,10,119,2026-08-24,14,,12
100308015-15,100308,503,19,102,2026-08-25,15,,9
100308016-16,100308,503,19,120,2026-08-26,16,,33
100308017-17,100308,503,16,105,2026-08-27,17,,45
100308018-18,100308,503,20,109,2026-08-28,18,,21
100308019-19,100308,503,17,120,2026-08-29,19,,61
100308020-20,100308,503,24,101,2026-08-30,20,,69
100308021-21,100308,503,17,119,2026-08-31,21,,75
100308022-22,100308,503,10,115,2026-09-01,22,,7
100308023-23,100308,503,24,113,2026-09-02,23,,73
100308024-24,100308,503,14,108,2026-09-03,24,,5
100308025-25,100308,503,11,112,2026-09-04,25,,27
100308026-26,100308,503,15,101,2026-09-05,26,,96
100308027-27,100308,503,28,119,2026-09-06,27,,5
100308028-28,100308,503,15,118,2026-09-07,28,,64
100308029-29,100308,503,15,111,2026-09-08,29,,15
100308030-30,100308,503,21,115,2026-09-09,30,,59
100309001-1,100309,503,29,112,2026-08-11,1,,39
100309002-2,100309,503,27,111,2026-08-12,2,,57
100309003-3,100309,503,21,102,2026-08-13,3,,44
100309004-4,100309,503,27,110,2026-08-14,4,,87
100309005-5,100309,503,13,106,2026-08-15,5,,29
100309006-6,100309,503,17,104,2026-08-16,6,,17
100309007-7,100309,503,29,113,2026-08-17,7,,5
100309008-8,100309,503,28,114,2026-08-18,8,,72
100309009-9,100309,503,10,115,2026-08-19,9,,40
100309010-10,100309,503,10,118,2026-08-20,10,,3
100309011-11,100309,503,15,113,2026-08-21,11,,88
100309012-12,100309,503,19,114,2026-08-22,12,,84
100309013-13,100309,503,14,109,2026-08-23,13,,44
100309014-14,100309,503,24,111,2026-08-24,14,,33
100309015-15,100309,503,20,120,2026-08-25,15,,74
100309016-16,100309,503,13,112,2026-08-26,16,,52
100309017-17,100309,503,26,103,2026-08-27,17,,84
100309018-18,100309,503,13,114,2026-08-28,18,,74
100309019-19,100309,503,16,104,2026-08-29,19,,1
100309020-20,100309,503,16,109,2026-08-30,20,,76
100309021-21,100309,503,25,111,2026-08-31,21,,48
100309022-22,100309,503,15,113,2026-09-01,22,,98
100309023-23,100309,503,22,115,2026-09-02,23,,79
100309024-24,100309,503,12,115,2026-09-03,24,,38
100309025-25,100309,503,22,117,2026-09-04,25,,69
100309026-26,100309,503,18,105,2026-09-05,26,,89
100309027-27,100309,503,27,104,2026-09-06,27,,24
100309028-28,100309,503,18,116,2026-09-07,28,,23
100309029-29,100309,503,23,109,2026-09-08,29,,26
100309030-30,100309,503,23,106,2026-09-09,30,,61
100310001-1,100310,503,20,106,2026-08-11,1,,82
100310002-2,100310,503,27,101,2026-08-12,2,,27
100310003-3,100310,503,27,113,2026-08-13,3,,21
100310004-4,100310,503,17,113,2026-08-14,4,,90
100310005-5,100310,503,11,117,2026-08-15,5,,81
100310006-6,100310,503,25,112,2026-08-16,6,,36
100310007-7,100310,503,24,109,2026-08-17,7,,74
100310008-8,100310,503,28,111,2026-08-18,8,,4
100310009-9,100310,503,23,113,2026-08-19,9,,49
100310010-10,100310,503,10,109,2026-08-20,10,,17
100310011-11,100310,503,21,105,2026-08-21,11,,68
100310012-12,100310,503,26,101,2026-08-22,12,,18
100310013-13,100310,503,13,103,2026-08-23,13,,68
100310014-14,100310,503,29,101,2026-08-24,14,,31
100310015-15,100310,503,15,106,2026-08-25,15,,14
100310016-16,100310,503,18,102,2026-08-26,16,,72
100310017-17,100310,503,28,110,2026-08-27,17,,75
100310018-18,100310,503,17,101,2026-08-28,18,,44
100310019-19,100310,503,10,101,2026-08-29,19,,14
100310020-20,100310,503,23,101,2026-08-30,20,,88
100310021-21,100310,503,15,118,2026-08-31,21,,9
100310022-22,100310,503,22,113,2026-09-01,22,,77
100310023-23,100310,503,20,109,2026-09-02,23,,82
100310024-24,100310,503,28,108,2026-09-03,24,,10
100310025-25,100310,503,21,119,2026-09-04,25,,89
100310026-26,100310,503,22,119,2026-09-05,26,,55
100310027-27,100310,503,23,116,2026-09-06,27,,66
100310028-28,100310,503,15,101,2026-09-07,28,,10
100310029-29,100310,503,11,108,2026-09-08,29,,50
100310030-30,100310,503,21,118,2026-09-09,30,,34
100401001-1,100401,504,20,102,2026-08-11,1,,53
100401002-2,100401,504,28,102,2026-08-12,2,,15
100401003-3,100401,504,27,107,2026-08-13,3,,59
100401004-4,100401,504,22,105,2026-08-14,4,,35
100401005-5,100401,504,19,111,2026-08-15,5,,21
100401006-6,100401,504,25,111,2026-08-16,6,,83
100401007-7,100401,504,20,105,2026-08-17,7,,97
100401008-8,100401,504,17,117,2026-08-18,8,,92
100401009-9,100401,504,12,120,2026-08-19,9,,57
100401010-10,100401,504,26,105,2026-08-20,10,,96
100401011-11,100401,504,26,118,2026-08-21,11,,74
100401012-12,100401,504,28,106,2026-08-22,12,,2
100401013-13,100401,504,26,102,2026-08-23,13,,36
100401014-14,100401,504,21,115,2026-08-24,14,,98
100401015-15,100401,504,12,108,2026-08-25,15,,28
100401016-16,100401,504,21,120,2026-08-26,16,,29
100401017-17,100401,504,24,104,2026-08-27,17,,19
100401018-18,100401,504,25,109,2026-08-28,18,,35
100401019-19,100401,504,10,101,2026-08-29,19,,5
100401020-20,100401,504,13,117,2026-08-30,20,,50
100401021-21,100401,504,14,116,2026-08-31,21,,6
100401022-22,100401,504,22,116,2026-09-01,22,,64
100401023-23,100401,504,13,111,2026-09-02,23,,100
100401024-24,100401,504,25,103,2026-09-03,24,,34
100401025-25,100401,504,19,108,2026-09-04,25,,18
100401026-26,100401,504,11,102,2026-09-05,26,,46
100401027-27,100401,504,21,119,2026-09-06,27,,33
100401028-28,100401,504,12,114,2026-09-07,28,,83
100401029-29,100401,504,20,106,2026-09-08,29,,73
100401030-30,100401,504,20,110,2026-09-09,30,,51
100402001-1,100402,504,18,113,2026-08-11,1,,65
100402002-2,100402,504,11,114,2026-08-12,2,,74
100402003-3,100402,504,11,119,2026-08-13,3,,6
100402004-4,100402,504,17,116,2026-08-14,4,,93
100402005-5,100402,504,15,106,2026-08-15,5,,7
100402006-6,100402,504,27,107,2026-08-16,6,,42
100402007-7,100402,504,21,113,2026-08-17,7,,62
100402008-8,100402,504,18,108,2026-08-18,8,,40
100402009-9,100402,504,24,103,2026-08-19,9,,1
100402010-10,100402,504,16,102,2026-08-20,10,,64
100402011-11,100402,504,29,105,2026-08-21,11,,35
100402012-12,100402,504,25,107,2026-08-22,12,,5
100402013-13,100402,504,14,113,2026-08-23,13,,39
100402014-14,100402,504,23,116,2026-08-24,14,,80
100402015-15,100402,504,29,105,2026-08-25,15,,94
100402016-16,100402,504,13,108,2026-08-26,16,,12
100402017-17,100402,504,25,120,2026-08-27,17,,11
100402018-18,100402,504,14,104,2026-08-28,18,,5
100402019-19,100402,504,29,116,2026-08-29,19,,48
100402020-20,100402,504,16,113,2026-08-30,20,,72
100402021-21,100402,504,26,105,2026-08-31,21,,34
100402022-22,100402,504,12,112,2026-09-01,22,,88
100402023-23,100402,504,10,116,2026-09-02,23,,86
100402024-24,100402,504,19,117,2026-09-03,24,,97
100402025-25,100402,504,28,104,2026-09-04,25,,91
100402026-26,100402,504,27,110,2026-09-05,26,,91
100402027-27,100402,504,22,109,2026-09-06,27,,52
100402028-28,100402,504,13,103,2026-09-07,28,,41
100402029-29,100402,504,27,113,2026-09-08,29,,77
100402030-30,100402,504,23,112,2026-09-09,30,,47
100403001-1,100403,504,16,113,2026-08-11,1,,90
100403002-2,100403,504,11,115,2026-08-12,2,,86
100403003-3,100403,504,19,119,2026-08-13,3,,68
100403004-4,100403,504,28,107,2026-08-14,4,,24
100403005-5,100403,504,27,109,2026-08-15,5,,99
100403006-6,100403,504,26,118,2026-08-16,6,,68
100403007-7,100403,504,22,115,2026-08-17,7,,49
100403008-8,100403,504,25,119,2026-08-18,8,,37
100403009-9,100403,504,15,101,2026-08-19,9,,33
100403010-10,100403,504,29,115,2026-08-20,10,,98
100403011-11,100403,504,10,120,2026-08-21,11,,36
100403012-12,100403,504,11,120,2026-08-22,12,,70
100403013-13,100403,504,28,102,2026-08-23,13,,98
100403014-14,100403,504,22,112,2026-08-24,14,,81
100403015-15,100403,504,20,107,2026-08-25,15,,55
100403016-16,100403,504,28,120,2026-08-26,16,,46
100403017-17,100403,504,12,109,2026-08-27,17,,60
100403018-18,100403,504,11,109,2026-08-28,18,,67
100403019-19,100403,504,20,118,2026-08-29,19,,46
100403020-20,100403,504,15,107,2026-08-30,20,,27
100403021-21,100403,504,18,110,2026-08-31,21,,80
100403022-22,100403,504,16,118,2026-09-01,22,,25
100403023-23,100403,504,16,117,2026-09-02,23,,77
100403024-24,100403,504,13,120,2026-09-03,24,,22
100403025-25,100403,504,26,102,2026-09-04,25,,96
100403026-26,100403,504,22,115,2026-09-05,26,,74
100403027-27,100403,504,16,104,2026-09-06,27,,45
100403028-28,100403,504,15,120,2026-09-07,28,,33
100403029-29,100403,504,11,119,2026-09-08,29,,88
100403030-30,100403,504,29,117,2026-09-09,30,,65
100404001-1,100404,504,17,112,2026-08-11,1,,58
100404002-2,100404,504,21,117,2026-08-12,2,,85
100404003-3,100404,504,25,120,2026-08-13,3,,14
100404004-4,100404,504,19,118,2026-08-14,4,,64
100404005-5,100404,504,29,118,2026-08-15,5,,41
100404006-6,100404,504,16,104,2026-08-16,6,,27
100404007-7,100404,504,10,107,2026-08-17,7,,44
100404008-8,100404,504,26,113,2026-08-18,8,,45
100404009-9,100404,504,25,120,2026-08-19,9,,86
100404010-10,100404,504,15,117,2026-08-20,10,,85
100404011-11,100404,504,29,111,2026-08-21,11,,39
100404012-12,100404,504,28,109,2026-08-22,12,,6
100404013-13,100404,504,14,119,2026-08-23,13,,63
100404014-14,100404,504,29,111,2026-08-24,14,,78
100404015-15,100404,504,13,111,2026-08-25,15,,10
100404016-16,100404,504,18,114,2026-08-26,16,,91
100404017-17,100404,504,15,103,2026-08-27,17,,96
100404018-18,100404,504,17,114,2026-08-28,18,,4
100404019-19,100404,504,26,111,2026-08-29,19,,60
100404020-20,100404,504,26,119,2026-08-30,20,,98
100404021-21,100404,504,18,119,2026-08-31,21,,71
100404022-22,100404,504,28,101,2026-09-01,22,,75
100404023-23,100404,504,22,107,2026-09-02,23,,87
100404024-24,100404,504,25,111,2026-09-03,24,,14
100404025-25,100404,504,19,110,2026-09-04,25,,23
100404026-26,100404,504,15,108,2026-09-05,26,,60
100404027-27,100404,504,19,109,2026-09-06,27,,49
100404028-28,100404,504,16,108,2026-09-07,28,,82
100404029-29,100404,504,20,119,2026-09-08,29,,37
100404030-30,100404,504,24,115,2026-09-09,30,,9
100405001-1,100405,504,12,118,2026-08-11,1,,65
100405002-2,100405,504,17,116,2026-08-12,2,,33
100405003-3,100405,504,22,107,2026-08-13,3,,11
100405004-4,100405,504,28,108,2026-08-14,4,,98
100405005-5,100405,504,23,111,2026-08-15,5,,86
100405006-6,100405,504,25,103,2026-08-16,6,,54
100405007-7,100405,504,16,119,2026-08-17,7,,72
100405008-8,100405,504,10,118,2026-08-18,8,,14
100405009-9,100405,504,26,110,2026-08-19,9,,22
100405010-10,100405,504,28,104,2026-08-20,10,,53
100405011-11,100405,504,26,115,2026-08-21,11,,55
100405012-12,100405,504,10,102,2026-08-22,12,,17
100405013-13,100405,504,14,108,2026-08-23,13,,26
100405014-14,100405,504,25,106,2026-08-24,14,,20
100405015-15,100405,504,22,108,2026-08-25,15,,83
100405016-16,100405,504,12,115,2026-08-26,16,,11
100405017-17,100405,504,19,104,2026-08-27,17,,83
100405018-18,100405,504,22,110,2026-08-28,18,,36
100405019-19,100405,504,12,103,2026-08-29,19,,41
100405020-20,100405,504,29,107,2026-08-30,20,,48
100405021-21,100405,504,20,103,2026-08-31,21,,34
100405022-22,100405,504,16,119,2026-09-01,22,,46
100405023-23,100405,504,25,110,2026-09-02,23,,72
100405024-24,100405,504,26,111,2026-09-03,24,,55
100405025-25,100405,504,10,101,2026-09-04,25,,12
100405026-26,100405,504,26,111,2026-09-05,26,,11
100405027-27,100405,504,28,105,2026-09-06,27,,37
100405028-28,100405,504,29,115,2026-09-07,28,,57
100405029-29,100405,504,14,113,2026-09-08,29,,62
100405030-30,100405,504,12,116,2026-09-09,30,,59
100406001-1,100406,504,16,108,2026-08-11,1,,23
100406002-2,100406,504,24,113,2026-08-12,2,,8
100406003-3,100406,504,18,101,2026-08-13,3,,65
100406004-4,100406,504,13,109,2026-08-14,4,,66
100406005-5,100406,504,21,113,2026-08-15,5,,42
100406006-6,100406,504,14,114,2026-08-16,6,,5
100406007-7,100406,504,10,101,2026-08-17,7,,19
100406008-8,100406,504,18,102,2026-08-18,8,,4
100406009-9,100406,504,10,112,2026-08-19,9,,20
100406010-10,100406,504,24,115,2026-08-20,10,,72
100406011-11,100406,504,24,114,2026-08-21,11,,45
100406012-12,100406,504,28,109,2026-08-22,12,,14
100406013-13,100406,504,11,118,2026-08-23,13,,85
100406014-14,100406,504,10,110,2026-08-24,14,,48
100406015-15,100406,504,13,112,2026-08-25,15,,77
100406016-16,100406,504,13,111,2026-08-26,16,,9
100406017-17,100406,504,16,112,2026-08-27,17,,74
100406018-18,100406,504,20,101,2026-08-28,18,,89
100406019-19,100406,504,22,103,2026-08-29,19,,63
100406020-20,100406,504,11,107,2026-08-30,20,,62
100406021-21,100406,504,26,118,2026-08-31,21,,32
100406022-22,100406,504,15,112,2026-09-01,22,,68
100406023-23,100406,504,13,108,2026-09-02,23,,41
100406024-24,100406,504,28,110,2026-09-03,24,,53
100406025-25,100406,504,27,117,2026-09-04,25,,4
100406026-26,100406,504,10,101,2026-09-05,26,,95
100406027-27,100406,504,25,110,2026-09-06,27,,16
100406028-28,100406,504,21,120,2026-09-07,28,,20
100406029-29,100406,504,23,106,2026-09-08,29,,62
100406030-30,100406,504,12,117,2026-09-09,30,,44
100407001-1,100407,504,17,103,2026-08-11,1,,22
100407002-2,100407,504,23,102,2026-08-12,2,,3
100407003-3,100407,504,15,111,2026-08-13,3,,50
100407004-4,100407,504,10,112,2026-08-14,4,,37
100407005-5,100407,504,10,120,2026-08-15,5,,50
100407006-6,100407,504,11,115,2026-08-16,6,,12
100407007-7,100407,504,10,119,2026-08-17,7,,99
100407008-8,100407,504,21,120,2026-08-18,8,,68
100407009-9,100407,504,17,111,2026-08-19,9,,93
100407010-10,100407,504,10,109,2026-08-20,10,,75
100407011-11,100407,504,29,120,2026-08-21,11,,68
100407012-12,100407,504,24,107,2026-08-22,12,,58
100407013-13,100407,504,27,105,2026-08-23,13,,54
100407014-14,100407,504,22,109,2026-08-24,14,,82
100407015-15,100407,504,14,113,2026-08-25,15,,84
100407016-16,100407,504,23,114,2026-08-26,16,,94
100407017-17,100407,504,10,104,2026-08-27,17,,12
100407018-18,100407,504,10,118,2026-08-28,18,,23
100407019-19,100407,504,25,106,2026-08-29,19,,23
100407020-20,100407,504,20,103,2026-08-30,20,,76
100407021-21,100407,504,11,115,2026-08-31,21,,59
100407022-22,100407,504,27,101,2026-09-01,22,,29
100407023-23,100407,504,25,113,2026-09-02,23,,20
100407024-24,100407,504,21,111,2026-09-03,24,,30
100407025-25,100407,504,13,116,2026-09-04,25,,29
100407026-26,100407,504,27,117,2026-09-05,26,,55
100407027-27,100407,504,27,119,2026-09-06,27,,87
100407028-28,100407,504,24,118,2026-09-07,28,,61
100407029-29,100407,504,16,107,2026-09-08,29,,87
100407030-30,100407,504,23,101,2026-09-09,30,,55
100408001-1,100408,504,18,119,2026-08-11,1,,24
100408002-2,100408,504,19,112,2026-08-12,2,,55
100408003-3,100408,504,20,110,2026-08-13,3,,20
100408004-4,100408,504,12,117,2026-08-14,4,,86
100408005-5,100408,504,20,110,2026-08-15,5,,87
100408006-6,100408,504,18,107,2026-08-16,6,,85
100408007-7,100408,504,11,120,2026-08-17,7,,78
100408008-8,100408,504,15,119,2026-08-18,8,,23
100408009-9,100408,504,27,112,2026-08-19,9,,64
100408010-10,100408,504,16,118,2026-08-20,10,,16
100408011-11,100408,504,27,114,2026-08-21,11,,54
100408012-12,100408,504,18,103,2026-08-22,12,,50
100408013-13,100408,504,12,106,2026-08-23,13,,92
100408014-14,100408,504,15,119,2026-08-24,14,,1
100408015-15,100408,504,15,110,2026-08-25,15,,15
100408016-16,100408,504,20,119,2026-08-26,16,,22
100408017-17,100408,504,11,114,2026-08-27,17,,79
100408018-18,100408,504,16,112,2026-08-28,18,,77
100408019-19,100408,504,20,102,2026-08-29,19,,9
100408020-20,100408,504,15,120,2026-08-30,20,,19
100408021-21,100408,504,27,105,2026-08-31,21,,98
100408022-22,100408,504,27,114,2026-09-01,22,,24
100408023-23,100408,504,20,103,2026-09-02,23,,29
100408024-24,100408,504,19,108,2026-09-03,24,,1
100408025-25,100408,504,18,107,2026-09-04,25,,90
100408026-26,100408,504,14,114,2026-09-05,26,,65
100408027-27,100408,504,28,108,2026-09-06,27,,10
100408028-28,100408,504,13,111,2026-09-07,28,,68
100408029-29,100408,504,23,103,2026-09-08,29,,9
100408030-30,100408,504,25,103,2026-09-09,30,,32
100409001-1,100409,504,15,101,2026-08-11,1,,90
100409002-2,100409,504,18,114,2026-08-12,2,,42
100409003-3,100409,504,25,116,2026-08-13,3,,12
100409004-4,100409,504,28,120,2026-08-14,4,,61
100409005-5,100409,504,18,104,2026-08-15,5,,63
100409006-6,100409,504,27,118,2026-08-16,6,,62
100409007-7,100409,504,27,119,2026-08-17,7,,68
100409008-8,100409,504,28,112,2026-08-18,8,,45
100409009-9,100409,504,23,105,2026-08-19,9,,30
100409010-10,100409,504,16,105,2026-08-20,10,,96
100409011-11,100409,504,28,111,2026-08-21,11,,100
100409012-12,100409,504,14,113,2026-08-22,12,,20
100409013-13,100409,504,19,103,2026-08-23,13,,24
100409014-14,100409,504,13,106,2026-08-24,14,,71
100409015-15,100409,504,10,104,2026-08-25,15,,50
100409016-16,100409,504,14,111,2026-08-26,16,,79
100409017-17,100409,504,20,101,2026-08-27,17,,84
100409018-18,100409,504,17,118,2026-08-28,18,,54
100409019-19,100409,504,22,119,2026-08-29,19,,63
100409020-20,100409,504,11,120,2026-08-30,20,,36
100409021-21,100409,504,21,118,2026-08-31,21,,37
100409022-22,100409,504,15,112,2026-09-01,22,,41
100409023-23,100409,504,23,107,2026-09-02,23,,53
100409024-24,100409,504,13,115,2026-09-03,24,,98
100409025-25,100409,504,14,115,2026-09-04,25,,46
100409026-26,100409,504,15,106,2026-09-05,26,,40
100409027-27,100409,504,20,118,2026-09-06,27,,77
100409028-28,100409,504,19,110,2026-09-07,28,,64
100409029-29,100409,504,16,109,2026-09-08,29,,48
100409030-30,100409,504,12,116,2026-09-09,30,,37
100410001-1,100410,504,25,117,2026-08-11,1,,81
100410002-2,100410,504,25,112,2026-08-12,2,,88
100410003-3,100410,504,15,106,2026-08-13,3,,74
100410004-4,100410,504,22,114,2026-08-14,4,,82
100410005-5,100410,504,16,111,2026-08-15,5,,51
100410006-6,100410,504,15,116,2026-08-16,6,,52
100410007-7,100410,504,27,108,2026-08-17,7,,56
100410008-8,100410,504,17,107,2026-08-18,8,,57
100410009-9,100410,504,22,104,2026-08-19,9,,62
100410010-10,100410,504,25,117,2026-08-20,10,,56
100410011-11,100410,504,22,119,2026-08-21,11,,74
100410012-12,100410,504,26,102,2026-08-22,12,,61
100410013-13,100410,504,24,114,2026-08-23,13,,98
100410014-14,100410,504,25,105,2026-08-24,14,,80
100410015-15,100410,504,16,118,2026-08-25,15,,22
100410016-16,100410,504,16,107,2026-08-26,16,,12
100410017-17,100410,504,26,112,2026-08-27,17,,14
100410018-18,100410,504,25,101,2026-08-28,18,,3
100410019-19,100410,504,19,114,2026-08-29,19,,32
100410020-20,100410,504,14,108,2026-08-30,20,,32
100410021-21,100410,504,12,118,2026-08-31,21,,80
100410022-22,100410,504,20,112,2026-09-01,22,,83
100410023-23,100410,504,19,109,2026-09-02,23,,88
100410024-24,100410,504,22,118,2026-09-03,24,,53
100410025-25,100410,504,15,105,2026-09-04,25,,42
100410026-26,100410,504,20,105,2026-09-05,26,,60
100410027-27,100410,504,23,107,2026-09-06,27,,60
100410028-28,100410,504,15,111,2026-09-07,28,,62
100410029-29,100410,504,22,105,2026-09-08,29,,79
100410030-30,100410,504,23,105,2026-09-09,30,,6
100501001-1,100501,505,16,111,2026-08-11,1,,43
100501002-2,100501,505,15,106,2026-08-12,2,,45
100501003-3,100501,505,26,116,2026-08-13,3,,95
100501004-4,100501,505,13,114,2026-08-14,4,,88
100501005-5,100501,505,11,106,2026-08-15,5,,33
100501006-6,100501,505,18,111,2026-08-16,6,,22
100501007-7,100501,505,18,110,2026-08-17,7,,39
100501008-8,100501,505,19,103,2026-08-18,8,,50
100501009-9,100501,505,27,103,2026-08-19,9,,73
100501010-10,100501,505,14,118,2026-08-20,10,,87
100501011-11,100501,505,29,119,2026-08-21,11,,66
100501012-12,100501,505,13,104,2026-08-22,12,,57
100501013-13,100501,505,15,115,2026-08-23,13,,91
100501014-14,100501,505,29,104,2026-08-24,14,,67
100501015-15,100501,505,13,109,2026-08-25,15,,23
100501016-16,100501,505,23,103,2026-08-26,16,,84
100501017-17,100501,505,14,118,2026-08-27,17,,29
100501018-18,100501,505,18,117,2026-08-28,18,,44
100501019-19,100501,505,13,120,2026-08-29,19,,2
100501020-20,100501,505,22,104,2026-08-30,20,,53
100501021-21,100501,505,12,113,2026-08-31,21,,20
100501022-22,100501,505,14,101,2026-09-01,22,,51
100501023-23,100501,505,12,112,2026-09-02,23,,92
100501024-24,100501,505,10,108,2026-09-03,24,,24
100501025-25,100501,505,15,107,2026-09-04,25,,65
100501026-26,100501,505,19,109,2026-09-05,26,,1
100501027-27,100501,505,20,111,2026-09-06,27,,80
100501028-28,100501,505,10,105,2026-09-07,28,,93
100501029-29,100501,505,17,115,2026-09-08,29,,51
100501030-30,100501,505,14,109,2026-09-09,30,,88
100502001-1,100502,505,23,113,2026-08-11,1,,23
100502002-2,100502,505,29,107,2026-08-12,2,,10
100502003-3,100502,505,25,104,2026-08-13,3,,26
100502004-4,100502,505,10,115,2026-08-14,4,,71
100502005-5,100502,505,18,105,2026-08-15,5,,61
100502006-6,100502,505,13,104,2026-08-16,6,,91
100502007-7,100502,505,13,118,2026-08-17,7,,7
100502008-8,100502,505,19,103,2026-08-18,8,,57
100502009-9,100502,505,28,111,2026-08-19,9,,87
100502010-10,100502,505,18,104,2026-08-20,10,,91
100502011-11,100502,505,22,113,2026-08-21,11,,99
100502012-12,100502,505,26,101,2026-08-22,12,,41
100502013-13,100502,505,11,101,2026-08-23,13,,91
100502014-14,100502,505,23,104,2026-08-24,14,,95
100502015-15,100502,505,28,119,2026-08-25,15,,34
100502016-16,100502,505,11,102,2026-08-26,16,,12
100502017-17,100502,505,24,119,2026-08-27,17,,69
100502018-18,100502,505,22,120,2026-08-28,18,,67
100502019-19,100502,505,17,110,2026-08-29,19,,22
100502020-20,100502,505,17,108,2026-08-30,20,,11
100502021-21,100502,505,15,119,2026-08-31,21,,87
100502022-22,100502,505,14,108,2026-09-01,22,,50
100502023-23,100502,505,11,111,2026-09-02,23,,78
100502024-24,100502,505,12,120,2026-09-03,24,,33
100502025-25,100502,505,13,106,2026-09-04,25,,80
100502026-26,100502,505,28,114,2026-09-05,26,,80
100502027-27,100502,505,26,108,2026-09-06,27,,46
100502028-28,100502,505,15,109,2026-09-07,28,,22
100502029-29,100502,505,24,107,2026-09-08,29,,26
100502030-30,100502,505,13,117,2026-09-09,30,,68
100503001-1,100503,505,16,120,2026-08-11,1,,79
100503002-2,100503,505,27,116,2026-08-12,2,,72
100503003-3,100503,505,16,113,2026-08-13,3,,18
100503004-4,100503,505,10,103,2026-08-14,4,,94
100503005-5,100503,505,27,117,2026-08-15,5,,75
100503006-6,100503,505,10,108,2026-08-16,6,,45
100503007-7,100503,505,29,103,2026-08-17,7,,52
100503008-8,100503,505,29,120,2026-08-18,8,,29
100503009-9,100503,505,11,108,2026-08-19,9,,83
100503010-10,100503,505,25,109,2026-08-20,10,,55
100503011-11,100503,505,14,120,2026-08-21,11,,58
100503012-12,100503,505,14,105,2026-08-22,12,,76
100503013-13,100503,505,23,104,2026-08-23,13,,94
100503014-14,100503,505,23,108,2026-08-24,14,,49
100503015-15,100503,505,24,108,2026-08-25,15,,29
100503016-16,100503,505,29,119,2026-08-26,16,,94
100503017-17,100503,505,22,101,2026-08-27,17,,54
100503018-18,100503,505,15,108,2026-08-28,18,,36
100503019-19,100503,505,14,116,2026-08-29,19,,36
100503020-20,100503,505,24,113,2026-08-30,20,,40
100503021-21,100503,505,24,106,2026-08-31,21,,7
100503022-22,100503,505,24,115,2026-09-01,22,,43
100503023-23,100503,505,18,101,2026-09-02,23,,3
100503024-24,100503,505,25,101,2026-09-03,24,,83
100503025-25,100503,505,24,103,2026-09-04,25,,34
100503026-26,100503,505,23,111,2026-09-05,26,,3
100503027-27,100503,505,14,114,2026-09-06,27,,100
100503028-28,100503,505,20,105,2026-09-07,28,,55
100503029-29,100503,505,15,112,2026-09-08,29,,60
100503030-30,100503,505,12,114,2026-09-09,30,,62
100504001-1,100504,505,29,118,2026-08-11,1,,73
100504002-2,100504,505,16,119,2026-08-12,2,,23
100504003-3,100504,505,26,113,2026-08-13,3,,14
100504004-4,100504,505,27,106,2026-08-14,4,,90
100504005-5,100504,505,13,116,2026-08-15,5,,45
100504006-6,100504,505,28,109,2026-08-16,6,,40
100504007-7,100504,505,21,104,2026-08-17,7,,31
100504008-8,100504,505,22,116,2026-08-18,8,,74
100504009-9,100504,505,28,115,2026-08-19,9,,73
100504010-10,100504,505,20,111,2026-08-20,10,,55
100504011-11,100504,505,13,101,2026-08-21,11,,6
100504012-12,100504,505,23,108,2026-08-22,12,,89
100504013-13,100504,505,27,113,2026-08-23,13,,16
100504014-14,100504,505,21,104,2026-08-24,14,,67
100504015-15,100504,505,20,116,2026-08-25,15,,63
100504016-16,100504,505,14,113,2026-08-26,16,,22
100504017-17,100504,505,13,115,2026-08-27,17,,98
100504018-18,100504,505,17,114,2026-08-28,18,,86
100504019-19,100504,505,21,101,2026-08-29,19,,4
100504020-20,100504,505,10,109,2026-08-30,20,,5
100504021-21,100504,505,27,112,2026-08-31,21,,77
100504022-22,100504,505,15,106,2026-09-01,22,,56
100504023-23,100504,505,16,111,2026-09-02,23,,25
100504024-24,100504,505,20,107,2026-09-03,24,,40
100504025-25,100504,505,22,102,2026-09-04,25,,26
100504026-26,100504,505,19,120,2026-09-05,26,,64
100504027-27,100504,505,13,106,2026-09-06,27,,65
100504028-28,100504,505,20,118,2026-09-07,28,,94
100504029-29,100504,505,10,110,2026-09-08,29,,63
100504030-30,100504,505,17,108,2026-09-09,30,,73
100505001-1,100505,505,28,109,2026-08-11,1,,50
100505002-2,100505,505,19,112,2026-08-12,2,,42
100505003-3,100505,505,14,117,2026-08-13,3,,2
100505004-4,100505,505,19,117,2026-08-14,4,,12
100505005-5,100505,505,29,102,2026-08-15,5,,53
100505006-6,100505,505,10,116,2026-08-16,6,,4
100505007-7,100505,505,11,120,2026-08-17,7,,66
100505008-8,100505,505,27,102,2026-08-18,8,,52
100505009-9,100505,505,26,105,2026-08-19,9,,56
100505010-10,100505,505,23,105,2026-08-20,10,,10
100505011-11,100505,505,20,120,2026-08-21,11,,15
100505012-12,100505,505,29,114,2026-08-22,12,,11
100505013-13,100505,505,17,112,2026-08-23,13,,26
100505014-14,100505,505,17,115,2026-08-24,14,,36
100505015-15,100505,505,14,101,2026-08-25,15,,92
100505016-16,100505,505,28,105,2026-08-26,16,,3
100505017-17,100505,505,12,103,2026-08-27,17,,30
100505018-18,100505,505,18,117,2026-08-28,18,,18
100505019-19,100505,505,15,114,2026-08-29,19,,71
100505020-20,100505,505,18,119,2026-08-30,20,,48
100505021-21,100505,505,29,108,2026-08-31,21,,3
100505022-22,100505,505,25,111,2026-09-01,22,,4
100505023-23,100505,505,24,115,2026-09-02,23,,69
100505024-24,100505,505,18,107,2026-09-03,24,,25
100505025-25,100505,505,25,111,2026-09-04,25,,11
100505026-26,100505,505,21,103,2026-09-05,26,,35
100505027-27,100505,505,29,115,2026-09-06,27,,38
100505028-28,100505,505,21,105,2026-09-07,28,,16
100505029-29,100505,505,29,114,2026-09-08,29,,49
100505030-30,100505,505,26,109,2026-09-09,30,,3
100506001-1,100506,505,29,106,2026-08-11,1,,69
100506002-2,100506,505,13,101,2026-08-12,2,,34
100506003-3,100506,505,22,109,2026-08-13,3,,5
100506004-4,100506,505,14,103,2026-08-14,4,,99
100506005-5,100506,505,17,106,2026-08-15,5,,53
100506006-6,100506,505,15,119,2026-08-16,6,,45
100506007-7,100506,505,27,116,2026-08-17,7,,94
100506008-8,100506,505,21,119,2026-08-18,8,,78
100506009-9,100506,505,18,114,2026-08-19,9,,92
100506010-10,100506,505,20,101,2026-08-20,10,,93
100506011-11,100506,505,25,111,2026-08-21,11,,84
100506012-12,100506,505,24,108,2026-08-22,12,,38
100506013-13,100506,505,27,105,2026-08-23,13,,44
100506014-14,100506,505,26,105,2026-08-24,14,,82
100506015-15,100506,505,28,118,2026-08-25,15,,77
100506016-16,100506,505,25,110,2026-08-26,16,,40
100506017-17,100506,505,22,120,2026-08-27,17,,16
100506018-18,100506,505,28,112,2026-08-28,18,,10
100506019-19,100506,505,12,114,2026-08-29,19,,38
100506020-20,100506,505,14,107,2026-08-30,20,,92
100506021-21,100506,505,18,120,2026-08-31,21,,52
100506022-22,100506,505,16,116,2026-09-01,22,,72
100506023-23,100506,505,10,116,2026-09-02,23,,69
100506024-24,100506,505,13,103,2026-09-03,24,,92
100506025-25,100506,505,21,110,2026-09-04,25,,72
100506026-26,100506,505,29,112,2026-09-05,26,,67
100506027-27,100506,505,23,114,2026-09-06,27,,36
100506028-28,100506,505,28,108,2026-09-07,28,,93
100506029-29,100506,505,14,106,2026-09-08,29,,33
100506030-30,100506,505,19,114,2026-09-09,30,,43
100507001-1,100507,505,27,105,2026-08-11,1,,81
100507002-2,100507,505,15,109,2026-08-12,2,,16
100507003-3,100507,505,29,117,2026-08-13,3,,74
100507004-4,100507,505,25,120,2026-08-14,4,,50
100507005-5,100507,505,29,101,2026-08-15,5,,24
100507006-6,100507,505,27,102,2026-08-16,6,,55
100507007-7,100507,505,17,110,2026-08-17,7,,81
100507008-8,100507,505,17,115,2026-08-18,8,,37
100507009-9,100507,505,12,111,2026-08-19,9,,29
100507010-10,100507,505,23,117,2026-08-20,10,,60
100507011-11,100507,505,15,107,2026-08-21,11,,52
100507012-12,100507,505,22,103,2026-08-22,12,,54
100507013-13,100507,505,27,116,2026-08-23,13,,72
100507014-14,100507,505,11,116,2026-08-24,14,,94
100507015-15,100507,505,11,103,2026-08-25,15,,62
100507016-16,100507,505,15,109,2026-08-26,16,,64
100507017-17,100507,505,19,113,2026-08-27,17,,96
100507018-18,100507,505,11,114,2026-08-28,18,,92
100507019-19,100507,505,17,111,2026-08-29,19,,20
100507020-20,100507,505,13,112,2026-08-30,20,,21
100507021-21,100507,505,13,119,2026-08-31,21,,54
100507022-22,100507,505,16,118,2026-09-01,22,,60
100507023-23,100507,505,26,105,2026-09-02,23,,49
100507024-24,100507,505,15,111,2026-09-03,24,,97
100507025-25,100507,505,11,119,2026-09-04,25,,8
100507026-26,100507,505,23,105,2026-09-05,26,,42
100507027-27,100507,505,27,117,2026-09-06,27,,32
100507028-28,100507,505,23,107,2026-09-07,28,,60
100507029-29,100507,505,18,109,2026-09-08,29,,94
100507030-30,100507,505,23,105,2026-09-09,30,,79
100508001-1,100508,505,21,102,2026-08-11,1,,84
100508002-2,100508,505,15,109,2026-08-12,2,,98
100508003-3,100508,505,19,116,2026-08-13,3,,22
100508004-4,100508,505,17,113,2026-08-14,4,,53
100508005-5,100508,505,22,105,2026-08-15,5,,47
100508006-6,100508,505,28,113,2026-08-16,6,,99
100508007-7,100508,505,18,112,2026-08-17,7,,89
100508008-8,100508,505,11,111,2026-08-18,8,,56
100508009-9,100508,505,22,106,2026-08-19,9,,15
100508010-10,100508,505,18,118,2026-08-20,10,,94
100508011-11,100508,505,23,103,2026-08-21,11,,11
100508012-12,100508,505,25,102,2026-08-22,12,,46
100508013-13,100508,505,20,105,2026-08-23,13,,22
100508014-14,100508,505,29,110,2026-08-24,14,,38
100508015-15,100508,505,29,112,2026-08-25,15,,81
100508016-16,100508,505,18,102,2026-08-26,16,,11
100508017-17,100508,505,29,114,2026-08-27,17,,2
100508018-18,100508,505,29,108,2026-08-28,18,,26
100508019-19,100508,505,23,120,2026-08-29,19,,89
100508020-20,100508,505,11,110,2026-08-30,20,,54
100508021-21,100508,505,29,115,2026-08-31,21,,51
100508022-22,100508,505,21,111,2026-09-01,22,,1
100508023-23,100508,505,12,104,2026-09-02,23,,90
100508024-24,100508,505,13,118,2026-09-03,24,,100
100508025-25,100508,505,17,106,2026-09-04,25,,33
100508026-26,100508,505,14,111,2026-09-05,26,,89
100508027-27,100508,505,22,105,2026-09-06,27,,46
100508028-28,100508,505,24,105,2026-09-07,28,,83
100508029-29,100508,505,19,117,2026-09-08,29,,9
100508030-30,100508,505,21,111,2026-09-09,30,,17
100509001-1,100509,505,15,107,2026-08-11,1,,49
100509002-2,100509,505,21,117,2026-08-12,2,,20
100509003-3,100509,505,14,117,2026-08-13,3,,60
100509004-4,100509,505,29,108,2026-08-14,4,,12
100509005-5,100509,505,24,106,2026-08-15,5,,9
100509006-6,100509,505,11,119,2026-08-16,6,,56
100509007-7,100509,505,21,119,2026-08-17,7,,31
100509008-8,100509,505,22,115,2026-08-18,8,,72
100509009-9,100509,505,19,116,2026-08-19,9,,34
100509010-10,100509,505,11,103,2026-08-20,10,,75
100509011-11,100509,505,10,117,2026-08-21,11,,5
100509012-12,100509,505,25,105,2026-08-22,12,,23
100509013-13,100509,505,28,112,2026-08-23,13,,41
100509014-14,100509,505,28,115,2026-08-24,14,,99
100509015-15,100509,505,28,104,2026-08-25,15,,21
100509016-16,100509,505,22,112,2026-08-26,16,,79
100509017-17,100509,505,14,111,2026-08-27,17,,65
100509018-18,100509,505,19,106,2026-08-28,18,,27
100509019-19,100509,505,17,114,2026-08-29,19,,3
100509020-20,100509,505,18,118,2026-08-30,20,,5
100509021-21,100509,505,25,110,2026-08-31,21,,21
100509022-22,100509,505,16,114,2026-09-01,22,,47
100509023-23,100509,505,25,117,2026-09-02,23,,45
100509024-24,100509,505,14,115,2026-09-03,24,,21
100509025-25,100509,505,29,112,2026-09-04,25,,38
100509026-26,100509,505,11,109,2026-09-05,26,,97
100509027-27,100509,505,24,108,2026-09-06,27,,3
100509028-28,100509,505,18,119,2026-09-07,28,,52
100509029-29,100509,505,29,114,2026-09-08,29,,28
100509030-30,100509,505,17,115,2026-09-09,30,,57
100510001-1,100510,505,10,120,2026-08-11,1,,12
100510002-2,100510,505,20,103,2026-08-12,2,,71
100510003-3,100510,505,26,107,2026-08-13,3,,70
100510004-4,100510,505,13,108,2026-08-14,4,,3
100510005-5,100510,505,17,115,2026-08-15,5,,78
100510006-6,100510,505,24,111,2026-08-16,6,,51
100510007-7,100510,505,22,101,2026-08-17,7,,36
100510008-8,100510,505,16,119,2026-08-18,8,,36
100510009-9,100510,505,28,108,2026-08-19,9,,84
100510010-10,100510,505,19,104,2026-08-20,10,,84
100510011-11,100510,505,12,115,2026-08-21,11,,13
100510012-12,100510,505,20,110,2026-08-22,12,,89
100510013-13,100510,505,13,116,2026-08-23,13,,17
100510014-14,100510,505,27,105,2026-08-24,14,,57
100510015-15,100510,505,23,111,2026-08-25,15,,22
100510016-16,100510,505,21,116,2026-08-26,16,,20
100510017-17,100510,505,18,117,2026-08-27,17,,52
100510018-18,100510,505,24,119,2026-08-28,18,,16
100510019-19,100510,505,24,117,2026-08-29,19,,17
100510020-20,100510,505,16,101,2026-08-30,20,,72
100510021-21,100510,505,16,115,2026-08-31,21,,14
100510022-22,100510,505,16,120,2026-09-01,22,,15
100510023-23,100510,505,29,118,2026-09-02,23,,100
100510024-24,100510,505,14,118,2026-09-03,24,,39
100510025-25,100510,505,11,115,2026-09-04,25,,85
100510026-26,100510,505,29,111,2026-09-05,26,,79
100510027-27,100510,505,11,104,2026-09-06,27,,11
100510028-28,100510,505,14,112,2026-09-07,28,,37
100510029-29,100510,505,16,111,2026-09-08,29,,79
100510030-30,100510,505,13,109,2026-09-09,30,,31
100701001-1,100701,507,15,114,2026-08-11,1,,18
100701002-2,100701,507,21,109,2026-08-12,2,,12
100701003-3,100701,507,20,118,2026-08-13,3,,45
100701004-4,100701,507,12,110,2026-08-14,4,,48
100701005-5,100701,507,17,119,2026-08-15,5,,77
100701006-6,100701,507,12,113,2026-08-16,6,,94
100701007-7,100701,507,23,107,2026-08-17,7,,66
100701008-8,100701,507,29,101,2026-08-18,8,,76
100701009-9,100701,507,21,117,2026-08-19,9,,54
100701010-10,100701,507,10,119,2026-08-20,10,,72
100701011-11,100701,507,22,117,2026-08-21,11,,84
100701012-12,100701,507,20,119,2026-08-22,12,,99
100701013-13,100701,507,13,101,2026-08-23,13,,8
100701014-14,100701,507,14,118,2026-08-24,14,,3
100701015-15,100701,507,25,109,2026-08-25,15,,3
100701016-16,100701,507,13,111,2026-08-26,16,,99
100701017-17,100701,507,29,110,2026-08-27,17,,54
100701018-18,100701,507,25,110,2026-08-28,18,,48
100701019-19,100701,507,14,102,2026-08-29,19,,89
100701020-20,100701,507,16,120,2026-08-30,20,,14
100701021-21,100701,507,12,113,2026-08-31,21,,34
100701022-22,100701,507,20,104,2026-09-01,22,,77
100701023-23,100701,507,15,102,2026-09-02,23,,69
100701024-24,100701,507,23,113,2026-09-03,24,,88
100701025-25,100701,507,21,112,2026-09-04,25,,28
100701026-26,100701,507,22,104,2026-09-05,26,,20
100701027-27,100701,507,25,109,2026-09-06,27,,13
100701028-28,100701,507,20,101,2026-09-07,28,,33
100701029-29,100701,507,13,116,2026-09-08,29,,45
100701030-30,100701,507,16,107,2026-09-09,30,,14
100702001-1,100702,507,13,110,2026-08-11,1,,28
100702002-2,100702,507,25,116,2026-08-12,2,,76
100702003-3,100702,507,13,114,2026-08-13,3,,23
100702004-4,100702,507,29,113,2026-08-14,4,,27
100702005-5,100702,507,12,114,2026-08-15,5,,53
100702006-6,100702,507,11,120,2026-08-16,6,,63
100702007-7,100702,507,22,112,2026-08-17,7,,42
100702008-8,100702,507,19,115,2026-08-18,8,,54
100702009-9,100702,507,20,104,2026-08-19,9,,6
100702010-10,100702,507,24,109,2026-08-20,10,,86
100702011-11,100702,507,12,120,2026-08-21,11,,63
100702012-12,100702,507,23,102,2026-08-22,12,,36
100702013-13,100702,507,17,113,2026-08-23,13,,16
100702014-14,100702,507,18,103,2026-08-24,14,,38
100702015-15,100702,507,10,102,2026-08-25,15,,33
100702016-16,100702,507,26,118,2026-08-26,16,,57
100702017-17,100702,507,13,111,2026-08-27,17,,31
100702018-18,100702,507,11,105,2026-08-28,18,,3
100702019-19,100702,507,22,105,2026-08-29,19,,71
100702020-20,100702,507,25,106,2026-08-30,20,,38
100702021-21,100702,507,12,112,2026-08-31,21,,31
100702022-22,100702,507,28,107,2026-09-01,22,,100
100702023-23,100702,507,11,104,2026-09-02,23,,32
100702024-24,100702,507,17,117,2026-09-03,24,,42
100702025-25,100702,507,19,101,2026-09-04,25,,28
100702026-26,100702,507,27,103,2026-09-05,26,,1
100702027-27,100702,507,28,114,2026-09-06,27,,60
100702028-28,100702,507,29,108,2026-09-07,28,,66
100702029-29,100702,507,11,110,2026-09-08,29,,70
100702030-30,100702,507,14,106,2026-09-09,30,,2
100703001-1,100703,507,13,116,2026-08-11,1,,4
100703002-2,100703,507,10,114,2026-08-12,2,,61
100703003-3,100703,507,29,116,2026-08-13,3,,80
100703004-4,100703,507,21,120,2026-08-14,4,,29
100703005-5,100703,507,12,116,2026-08-15,5,,72
100703006-6,100703,507,17,105,2026-08-16,6,,20
100703007-7,100703,507,12,108,2026-08-17,7,,76
100703008-8,100703,507,29,109,2026-08-18,8,,23
100703009-9,100703,507,23,104,2026-08-19,9,,44
100703010-10,100703,507,20,107,2026-08-20,10,,68
100703011-11,100703,507,22,120,2026-08-21,11,,19
100703012-12,100703,507,16,111,2026-08-22,12,,37
100703013-13,100703,507,15,102,2026-08-23,13,,72
100703014-14,100703,507,21,116,2026-08-24,14,,12
100703015-15,100703,507,29,110,2026-08-25,15,,15
100703016-16,100703,507,10,106,2026-08-26,16,,17
100703017-17,100703,507,29,106,2026-08-27,17,,25
100703018-18,100703,507,12,117,2026-08-28,18,,13
100703019-19,100703,507,11,104,2026-08-29,19,,52
100703020-20,100703,507,20,120,2026-08-30,20,,38
100703021-21,100703,507,19,115,2026-08-31,21,,9
100703022-22,100703,507,23,120,2026-09-01,22,,41
100703023-23,100703,507,10,119,2026-09-02,23,,97
100703024-24,100703,507,19,102,2026-09-03,24,,66
100703025-25,100703,507,11,120,2026-09-04,25,,21
100703026-26,100703,507,14,117,2026-09-05,26,,69
100703027-27,100703,507,18,118,2026-09-06,27,,89
100703028-28,100703,507,22,106,2026-09-07,28,,69
100703029-29,100703,507,27,113,2026-09-08,29,,24
100703030-30,100703,507,21,104,2026-09-09,30,,41
100704001-1,100704,507,15,109,2026-08-11,1,,45
100704002-2,100704,507,14,103,2026-08-12,2,,60
100704003-3,100704,507,27,104,2026-08-13,3,,10
100704004-4,100704,507,26,118,2026-08-14,4,,87
100704005-5,100704,507,10,116,2026-08-15,5,,80
100704006-6,100704,507,19,106,2026-08-16,6,,33
100704007-7,100704,507,11,106,2026-08-17,7,,72
100704008-8,100704,507,16,109,2026-08-18,8,,75
100704009-9,100704,507,19,110,2026-08-19,9,,10
100704010-10,100704,507,20,118,2026-08-20,10,,15
100704011-11,100704,507,12,117,2026-08-21,11,,8
100704012-12,100704,507,26,120,2026-08-22,12,,18
100704013-13,100704,507,17,110,2026-08-23,13,,54
100704014-14,100704,507,21,104,2026-08-24,14,,84
100704015-15,100704,507,23,118,2026-08-25,15,,46
100704016-16,100704,507,23,111,2026-08-26,16,,41
100704017-17,100704,507,22,106,2026-08-27,17,,72
100704018-18,100704,507,24,111,2026-08-28,18,,52
100704019-19,100704,507,20,120,2026-08-29,19,,59
100704020-20,100704,507,18,113,2026-08-30,20,,69
100704021-21,100704,507,14,114,2026-08-31,21,,78
100704022-22,100704,507,25,118,2026-09-01,22,,93
100704023-23,100704,507,15,102,2026-09-02,23,,67
100704024-24,100704,507,21,117,2026-09-03,24,,35
100704025-25,100704,507,26,103,2026-09-04,25,,38
100704026-26,100704,507,12,117,2026-09-05,26,,30
100704027-27,100704,507,10,114,2026-09-06,27,,46
100704028-28,100704,507,18,110,2026-09-07,28,,91
100704029-29,100704,507,28,120,2026-09-08,29,,10
100704030-30,100704,507,25,108,2026-09-09,30,,61
100705001-1,100705,507,10,107,2026-08-11,1,,39
100705002-2,100705,507,19,117,2026-08-12,2,,3
100705003-3,100705,507,27,112,2026-08-13,3,,7
100705004-4,100705,507,14,107,2026-08-14,4,,49
100705005-5,100705,507,10,102,2026-08-15,5,,84
100705006-6,100705,507,27,107,2026-08-16,6,,58
100705007-7,100705,507,13,111,2026-08-17,7,,33
100705008-8,100705,507,14,117,2026-08-18,8,,51
100705009-9,100705,507,18,114,2026-08-19,9,,14
100705010-10,100705,507,19,107,2026-08-20,10,,21
100705011-11,100705,507,19,118,2026-08-21,11,,30
100705012-12,100705,507,25,119,2026-08-22,12,,39
100705013-13,100705,507,25,110,2026-08-23,13,,38
100705014-14,100705,507,14,106,2026-08-24,14,,50
100705015-15,100705,507,11,108,2026-08-25,15,,32
100705016-16,100705,507,24,107,2026-08-26,16,,21
100705017-17,100705,507,24,110,2026-08-27,17,,67
100705018-18,100705,507,14,109,2026-08-28,18,,17
100705019-19,100705,507,25,114,2026-08-29,19,,72
100705020-20,100705,507,14,105,2026-08-30,20,,29
100705021-21,100705,507,24,104,2026-08-31,21,,51
100705022-22,100705,507,22,101,2026-09-01,22,,76
100705023-23,100705,507,21,104,2026-09-02,23,,63
100705024-24,100705,507,26,117,2026-09-03,24,,32
100705025-25,100705,507,11,103,2026-09-04,25,,94
100705026-26,100705,507,21,109,2026-09-05,26,,34
100705027-27,100705,507,13,115,2026-09-06,27,,35
100705028-28,100705,507,22,106,2026-09-07,28,,22
100705029-29,100705,507,22,118,2026-09-08,29,,84
100705030-30,100705,507,18,109,2026-09-09,30,,65
100706001-1,100706,507,15,107,2026-08-11,1,,43
100706002-2,100706,507,16,107,2026-08-12,2,,51
100706003-3,100706,507,22,104,2026-08-13,3,,50
100706004-4,100706,507,17,118,2026-08-14,4,,97
100706005-5,100706,507,19,117,2026-08-15,5,,86
100706006-6,100706,507,17,108,2026-08-16,6,,56
100706007-7,100706,507,24,109,2026-08-17,7,,77
100706008-8,100706,507,15,113,2026-08-18,8,,32
100706009-9,100706,507,23,120,2026-08-19,9,,86
100706010-10,100706,507,10,112,2026-08-20,10,,56
100706011-11,100706,507,29,115,2026-08-21,11,,71
100706012-12,100706,507,25,112,2026-08-22,12,,92
100706013-13,100706,507,13,104,2026-08-23,13,,59
100706014-14,100706,507,12,118,2026-08-24,14,,82
100706015-15,100706,507,17,118,2026-08-25,15,,62
100706016-16,100706,507,18,116,2026-08-26,16,,18
100706017-17,100706,507,11,111,2026-08-27,17,,50
100706018-18,100706,507,23,111,2026-08-28,18,,74
100706019-19,100706,507,26,107,2026-08-29,19,,34
100706020-20,100706,507,24,103,2026-08-30,20,,4
100706021-21,100706,507,19,118,2026-08-31,21,,66
100706022-22,100706,507,15,111,2026-09-01,22,,87
100706023-23,100706,507,16,103,2026-09-02,23,,57
100706024-24,100706,507,11,113,2026-09-03,24,,5
100706025-25,100706,507,28,114,2026-09-04,25,,11
100706026-26,100706,507,10,116,2026-09-05,26,,82
100706027-27,100706,507,28,101,2026-09-06,27,,63
100706028-28,100706,507,17,112,2026-09-07,28,,63
100706029-29,100706,507,11,115,2026-09-08,29,,34
100706030-30,100706,507,24,107,2026-09-09,30,,91
100707001-1,100707,507,25,118,2026-08-11,1,,22
100707002-2,100707,507,28,114,2026-08-12,2,,96
100707003-3,100707,507,12,106,2026-08-13,3,,93
100707004-4,100707,507,25,120,2026-08-14,4,,8
100707005-5,100707,507,29,120,2026-08-15,5,,58
100707006-6,100707,507,23,115,2026-08-16,6,,33
100707007-7,100707,507,18,118,2026-08-17,7,,60
100707008-8,100707,507,20,112,2026-08-18,8,,99
100707009-9,100707,507,17,106,2026-08-19,9,,41
100707010-10,100707,507,28,112,2026-08-20,10,,71
100707011-11,100707,507,22,107,2026-08-21,11,,17
100707012-12,100707,507,20,114,2026-08-22,12,,32
100707013-13,100707,507,27,117,2026-08-23,13,,33
100707014-14,100707,507,28,101,2026-08-24,14,,36
100707015-15,100707,507,25,113,2026-08-25,15,,47
100707016-16,100707,507,22,116,2026-08-26,16,,68
100707017-17,100707,507,25,120,2026-08-27,17,,2
100707018-18,100707,507,16,109,2026-08-28,18,,45
100707019-19,100707,507,17,110,2026-08-29,19,,23
100707020-20,100707,507,13,118,2026-08-30,20,,50
100707021-21,100707,507,29,111,2026-08-31,21,,75
100707022-22,100707,507,26,107,2026-09-01,22,,30
100707023-23,100707,507,22,119,2026-09-02,23,,84
100707024-24,100707,507,10,118,2026-09-03,24,,42
100707025-25,100707,507,18,115,2026-09-04,25,,74
100707026-26,100707,507,19,103,2026-09-05,26,,60
100707027-27,100707,507,23,108,2026-09-06,27,,13
100707028-28,100707,507,25,120,2026-09-07,28,,2
100707029-29,100707,507,12,106,2026-09-08,29,,74
100707030-30,100707,507,13,102,2026-09-09,30,,69
100708001-1,100708,507,24,118,2026-08-11,1,,88
100708002-2,100708,507,26,115,2026-08-12,2,,37
100708003-3,100708,507,20,116,2026-08-13,3,,87
100708004-4,100708,507,28,118,2026-08-14,4,,47
100708005-5,100708,507,12,113,2026-08-15,5,,75
100708006-6,100708,507,12,109,2026-08-16,6,,8
100708007-7,100708,507,11,102,2026-08-17,7,,69
100708008-8,100708,507,24,101,2026-08-18,8,,4
100708009-9,100708,507,22,108,2026-08-19,9,,25
100708010-10,100708,507,29,120,2026-08-20,10,,56
100708011-11,100708,507,15,104,2026-08-21,11,,51
100708012-12,100708,507,26,115,2026-08-22,12,,24
100708013-13,100708,507,15,120,2026-08-23,13,,42
100708014-14,100708,507,21,108,2026-08-24,14,,91
100708015-15,100708,507,19,106,2026-08-25,15,,67
100708016-16,100708,507,22,104,2026-08-26,16,,29
100708017-17,100708,507,28,104,2026-08-27,17,,14
100708018-18,100708,507,18,104,2026-08-28,18,,89
100708019-19,100708,507,11,106,2026-08-29,19,,35
100708020-20,100708,507,23,102,2026-08-30,20,,38
100708021-21,100708,507,20,109,2026-08-31,21,,23
100708022-22,100708,507,24,102,2026-09-01,22,,80
100708023-23,100708,507,15,119,2026-09-02,23,,48
100708024-24,100708,507,26,104,2026-09-03,24,,79
100708025-25,100708,507,21,117,2026-09-04,25,,51
100708026-26,100708,507,18,112,2026-09-05,26,,94
100708027-27,100708,507,16,114,2026-09-06,27,,83
100708028-28,100708,507,24,120,2026-09-07,28,,78
100708029-29,100708,507,28,110,2026-09-08,29,,78
100708030-30,100708,507,21,103,2026-09-09,30,,48
100709001-1,100709,507,22,102,2026-08-11,1,,19
100709002-2,100709,507,24,118,2026-08-12,2,,20
100709003-3,100709,507,20,108,2026-08-13,3,,56
100709004-4,100709,507,19,120,2026-08-14,4,,9
100709005-5,100709,507,28,103,2026-08-15,5,,87
100709006-6,100709,507,27,106,2026-08-16,6,,43
100709007-7,100709,507,12,119,2026-08-17,7,,80
100709008-8,100709,507,15,113,2026-08-18,8,,87
100709009-9,100709,507,25,112,2026-08-19,9,,61
100709010-10,100709,507,17,120,2026-08-20,10,,12
100709011-11,100709,507,17,110,2026-08-21,11,,38
100709012-12,100709,507,23,117,2026-08-22,12,,84
100709013-13,100709,507,26,104,2026-08-23,13,,15
100709014-14,100709,507,15,115,2026-08-24,14,,10
100709015-15,100709,507,11,102,2026-08-25,15,,23
100709016-16,100709,507,16,120,2026-08-26,16,,70
100709017-17,100709,507,20,114,2026-08-27,17,,19
100709018-18,100709,507,25,105,2026-08-28,18,,18
100709019-19,100709,507,21,111,2026-08-29,19,,66
100709020-20,100709,507,10,114,2026-08-30,20,,7
100709021-21,100709,507,24,111,2026-08-31,21,,36
100709022-22,100709,507,17,104,2026-09-01,22,,70
100709023-23,100709,507,29,114,2026-09-02,23,,15
100709024-24,100709,507,22,110,2026-09-03,24,,12
100709025-25,100709,507,10,116,2026-09-04,25,,61
100709026-26,100709,507,12,116,2026-09-05,26,,1
100709027-27,100709,507,23,102,2026-09-06,27,,39
100709028-28,100709,507,20,118,2026-09-07,28,,36
100709029-29,100709,507,20,116,2026-09-08,29,,8
100709030-30,100709,507,15,116,2026-09-09,30,,75
100710001-1,100710,507,21,108,2026-08-11,1,,30
100710002-2,100710,507,28,104,2026-08-12,2,,52
100710003-3,100710,507,10,101,2026-08-13,3,,89
100710004-4,100710,507,29,110,2026-08-14,4,,3
100710005-5,100710,507,11,108,2026-08-15,5,,7
100710006-6,100710,507,20,115,2026-08-16,6,,12
100710007-7,100710,507,29,116,2026-08-17,7,,49
100710008-8,100710,507,12,102,2026-08-18,8,,100
100710009-9,100710,507,12,104,2026-08-19,9,,60
100710010-10,100710,507,24,120,2026-08-20,10,,25
100710011-11,100710,507,11,116,2026-08-21,11,,66
100710012-12,100710,507,27,114,2026-08-22,12,,21
100710013-13,100710,507,27,115,2026-08-23,13,,77
100710014-14,100710,507,12,104,2026-08-24,14,,39
100710015-15,100710,507,18,113,2026-08-25,15,,32
100710016-16,100710,507,21,119,2026-08-26,16,,17
100710017-17,100710,507,22,116,2026-08-27,17,,34
100710018-18,100710,507,14,115,2026-08-28,18,,90
100710019-19,100710,507,29,110,2026-08-29,19,,33
100710020-20,100710,507,18,111,2026-08-30,20,,6
100710021-21,100710,507,16,104,2026-08-31,21,,94
100710022-22,100710,507,16,112,2026-09-01,22,,97
100710023-23,100710,507,13,101,2026-09-02,23,,87
100710024-24,100710,507,29,103,2026-09-03,24,,100
100710025-25,100710,507,25,104,2026-09-04,25,,97
100710026-26,100710,507,14,112,2026-09-05,26,,39
100710027-27,100710,507,15,111,2026-09-06,27,,23
100710028-28,100710,507,19,117,2026-09-07,28,,5
100710029-29,100710,507,16,120,2026-09-08,29,,65
100710030-30,100710,507,15,120,2026-09-09,30,,92
